SourceIndex,SourceX,ShinbrotHit,HybridHit,ShinbrotReplayHit,HybridReplayHit,ShinbrotP,HybridP,ShinbrotAbsoluteP,HybridAbsoluteP,AbsolutePDifference,ShinbrotHorizon,HybridHorizon,ShinbrotFinalTargetError,HybridFinalTargetError,ShinbrotReplayTargetError,HybridReplayTargetError,SameHorizon,BothReplayHit,SmallerMagnitudeMethod
102,15.2681165805571,1,1,1,1,-0.0151770547032356,-0.015,0.0151770547032356,0.015,-0.000177054703235627,3,3,3.09793612984777e-09,0.00426123535646461,3.09796099884352e-09,0.00426123535646461,1,1,hybrid
106,12.0454343189568,1,1,1,1,-0.0764311602339149,0.019375,0.0764311602339149,0.019375,-0.0570561602339149,5,5,1.51928798430845e-08,0.000434926320034279,1.51920822588636e-08,0.000434926320034279,1,1,hybrid
116,11.2968925665502,1,1,1,1,-0.00841941237449646,-0.0075,0.00841941237449646,0.0075,-0.000919412374496463,6,6,3.31062732783494e-08,0.00690313698743417,3.31063052527725e-08,0.00690313698743417,1,1,hybrid
117,11.62969458532,1,1,1,1,-0.0110784828662872,-0.01,0.0110784828662872,0.01,-0.00107848286628723,5,5,2.55018441919219e-08,0.00615477199366055,2.55018370864946e-08,0.00615477199366055,1,1,hybrid
118,12.0309342963291,1,1,1,1,-0.0156742870807648,-0.015,0.0156742870807648,0.015,-0.000674287080764766,4,4,3.98733135398288e-09,0.0027218295007394,3.98739352647226e-09,0.0027218295007394,1,1,hybrid
124,12.1487021105682,1,1,1,1,-0.0991718150675297,-0.0309375,0.0991718150675297,0.0309375,-0.0682343150675297,4,4,2.77222351741102e-08,0.00155279364926919,2.77206542165231e-08,0.00155279364926919,1,1,hybrid
136,11.4188223534022,1,1,1,1,0.01512670814991,0.015,0.01512670814991,0.015,-0.000126708149909976,6,6,1.05125455007737e-08,0.00242356030808111,1.05126414240431e-08,0.00242356030808111,1,1,hybrid
137,11.7802272230246,1,1,1,1,0.0203470677137375,0.02,0.0203470677137375,0.02,-0.000347067713737492,5,5,3.46779724935686e-08,0.00493808803828166,3.46779991389212e-08,0.00493808803828166,1,1,hybrid
143,11.2579193540953,1,1,1,1,-0.082898360490799,-0.0825,0.082898360490799,0.0825,-0.000398360490798957,7,7,4.41064038625427e-08,0.00518601731353918,4.41063185974144e-08,0.00518601731353918,1,1,hybrid
144,11.5822251656391,1,1,1,1,0.0141066998243332,0.01375,0.0141066998243332,0.01375,-0.000356699824333192,7,7,3.48392426019473e-09,0.00587412906037876,3.48390649662633e-09,0.00587412906037876,1,1,hybrid
148,11.7280320058847,1,1,1,1,0.0824582315981388,0.00796875,0.0824582315981388,0.00796875,-0.0744894815981388,5,5,3.1149118839835e-08,0.0014674746905694,3.11500993888103e-08,0.0014674746905694,1,1,hybrid
149,12.178282426431,1,1,1,1,0.0517434202134609,0.0115625,0.0517434202134609,0.0115625,-0.0401809202134609,4,4,3.78806781498042e-08,0.00289892081235443,3.78802091915986e-08,0.00289892081235443,1,1,hybrid
152,15.3752001019122,1,1,1,1,0.0754764657467604,0.01140625,0.0754764657467604,0.01140625,-0.0640702157467604,2,2,1.17383809339344e-08,0.00427232145622014,1.17406493416183e-08,0.00427232145622014,1,1,hybrid
153,16.4598762062691,1,1,1,1,-0.0933315575122833,-0.0925,0.0933315575122833,0.0925,-0.00083155751228331,1,1,1.59129847077111e-08,0.0067859462916644,1.5919201956649e-08,0.0067859462916644,1,1,hybrid
157,11.5440326919661,1,1,1,1,0.0879462825134397,0.0702197265625,0.0879462825134397,0.0702197265625,-0.0177265559509397,5,5,4.46405277187978e-08,0.000999549953309753,4.4643234886621e-08,0.000999549953309753,1,1,hybrid
158,11.9383355468849,1,1,1,1,0.0956906529929256,0.09953857421875,0.0956906529929256,0.09953857421875,0.00384792122582442,4,5,6.28350704801051e-09,0.000180526225118882,6.27703400368773e-09,0.000180526225118882,0,1,Shinbrot
161,10.9620996747553,1,1,1,1,0.0399736545979977,-0.010625,0.0399736545979977,0.010625,-0.0293486545979977,7,7,1.16915064296563e-08,0.00479547281882375,1.16931744287285e-08,0.00479547281882375,1,1,hybrid
162,11.2307219771018,1,1,1,1,-0.075454737059772,-0.013125,0.075454737059772,0.013125,-0.062329737059772,6,6,1.7870741331194e-08,0.000731362223373111,1.78735408695729e-08,0.000731362223373111,1,1,hybrid
163,11.5253070345885,1,1,1,1,-0.098330656811595,-0.0171875,0.098330656811595,0.0171875,-0.081143156811595,5,5,1.34915243421574e-08,0.00723356065171643,1.34908617610563e-08,0.00723356065171643,1,1,hybrid
164,11.8950982200137,1,1,1,1,0.0885806456208229,-0.02375,0.0885806456208229,0.02375,-0.0648306456208229,4,4,2.57061323338803e-08,0.0048240572867968,2.5704874673238e-08,0.0048240572867968,1,1,hybrid
170,11.5639466490174,1,1,1,1,-0.0104222849011421,-0.01,0.0104222849011421,0.01,-0.000422284901142119,7,7,1.71602163590023e-08,0.00694568676074603,1.71602927423464e-08,0.00694568676074603,1,1,hybrid
171,11.9638439063778,1,1,1,1,-0.0145866096019745,-0.014375,0.0145866096019745,0.014375,-0.000211609601974489,6,6,1.61749369453901e-08,0.0024902578857855,1.61750168814478e-08,0.0024902578857855,1,1,hybrid
174,11.6323163254113,1,1,1,1,0.0932088434696197,0.0925,0.0932088434696197,0.0925,-0.000708843469619747,5,5,1.26980594927772e-08,0.00404810057575489,1.26984662784935e-08,0.00404810057575489,1,1,hybrid
175,12.0522396634205,1,1,1,1,0.0054315522313118,0.005625,0.0054315522313118,0.005625,0.000193447768688201,5,5,1.9539468709695e-08,0.00793038072744601,1.95413019099533e-08,0.00793038072744601,1,1,Shinbrot
182,11.5825085342085,1,1,1,1,-0.0152449548244476,-0.015,0.0152449548244476,0.015,-0.000244954824447632,6,6,4.99953767274519e-08,0.00243011841758012,4.99953625165972e-08,0.00243011841758012,1,1,hybrid
183,11.9877154263165,1,1,1,1,-0.0213941395282745,-0.02125,0.0213941395282745,0.02125,-0.000144139528274537,5,5,1.65149387498786e-08,0.00101954515826996,1.65149174335966e-08,0.00101954515826996,1,1,hybrid
186,12.0498276355663,1,1,1,1,-0.0468105498701334,-0.0125,0.0468105498701334,0.0125,-0.0343105498701334,5,5,1.6410764303032e-08,0.00140309041874609,1.6409780201343e-08,0.00140309041874609,1,1,hybrid
193,10.7861454435861,1,1,1,1,-0.0422104343771935,-0.041875,0.0422104343771935,0.041875,-0.000335434377193453,9,9,1.17993455006626e-08,0.00659370048705554,1.17993774750857e-08,0.00659370048705554,1,1,hybrid
194,11.0279559829766,1,1,1,1,-0.0510498344898224,-0.05125,0.0510498344898224,0.05125,0.000200165510177611,8,8,8.70183658463475e-08,0.00326134466952155,8.70184209134095e-08,0.00326134466952155,1,1,Shinbrot
195,11.2801269498006,1,1,1,1,-0.0638199508190155,-0.06375,0.0638199508190155,0.06375,-6.99508190155074e-05,7,7,1.08629425454865e-08,0.000911058920344487,1.08633244622069e-08,0.000911058920344487,1,1,hybrid
197,11.9738559554866,1,1,1,1,0.0546198457479477,0.054375,0.0546198457479477,0.054375,-0.00024484574794769,6,6,1.05681170481375e-08,0.00286742970741294,1.05681703388427e-08,0.00286742970741294,1,1,hybrid
200,11.8196304234756,1,1,1,1,-0.072004708647728,0.036171875,0.072004708647728,0.036171875,-0.035832833647728,5,5,5.85143116182962e-08,0.00172170541334182,5.8514103784546e-08,0.00172170541334182,1,1,hybrid
204,11.4809314191417,1,1,1,1,0.0220406264066696,0.021875,0.0220406264066696,0.021875,-0.00016562640666962,5,5,2.42914843795461e-08,0.00306169225814479,2.42898074986897e-08,0.00306169225814479,1,1,hybrid
205,11.8581786577529,1,1,1,1,0.0301554471254349,0.03,0.0301554471254349,0.03,-0.000155447125434877,4,4,3.61808094595517e-08,0.00210147631867841,3.61791947511847e-08,0.00210147631867841,1,1,hybrid
213,15.3133605714006,1,1,1,1,-0.0546290367841721,-0.054375,0.0546290367841721,0.054375,-0.000254036784172053,2,2,4.35754721195281e-08,0.00541975766550173,4.35744755833412e-08,0.00541975766550173,1,1,hybrid
231,11.2314139602517,1,1,1,1,0.0481908103451133,0.01783203125,0.0481908103451133,0.01783203125,-0.0303587790951133,6,6,1.82213710786527e-08,0.00402132145692669,1.82216517430334e-08,0.00402132145692669,1,1,hybrid
232,11.5501094274702,1,1,1,1,0.0932664509862661,0.01828125,0.0932664509862661,0.01828125,-0.0749852009862661,5,5,5.00181407403488e-09,0.00697838455268851,4.99895946859397e-09,0.00697838455268851,1,1,hybrid
233,11.9271187410936,1,1,1,1,0.0878685388714075,0.02119140625,0.0878685388714075,0.02119140625,-0.0666771326214075,4,4,4.77210093663416e-09,0.00193682616130531,4.77501416185078e-09,0.00193682616130531,1,1,hybrid
236,10.241412340474,1,1,1,1,-0.0520933222025633,-0.004375,0.0520933222025633,0.004375,-0.0477183222025633,11,11,1.99179090998314e-08,0.0065363844250399,1.99166283465502e-08,0.0065363844250399,1,1,hybrid
237,10.4225257063126,1,1,1,1,0.0958441510796547,-0.005,0.0958441510796547,0.005,-0.0908441510796547,10,10,1.68964415792061e-08,0.00486790726822228,1.68952318801985e-08,0.00486790726822228,1,1,hybrid
238,10.5797781778552,1,1,1,1,-0.00587887987494469,-0.0059375,0.00587887987494469,0.0059375,5.86201250553113e-05,9,9,4.45601067156076e-09,0.00242326212325672,4.45563408391081e-09,0.00242326212325672,1,1,Shinbrot
239,10.757977103404,1,1,1,1,-0.00689564272761345,-0.006875,0.00689564272761345,0.006875,-2.06427276134482e-05,8,8,1.1831318147415e-08,0.000727142753426335,1.18317124986334e-08,0.000727142753426335,1,1,hybrid
240,10.9627934765296,1,1,1,1,-0.0963485680520535,-0.008125,0.0963485680520535,0.008125,-0.0882235680520535,7,7,3.4380798652478e-08,0.00436417028550551,3.4381981706133e-08,0.00436417028550551,1,1,hybrid
241,11.2026601256437,1,1,1,1,-0.0102274909615517,-0.01,0.0102274909615517,0.01,-0.000227490961551667,6,6,8.37259150898717e-10,0.00539768142016328,8.38971558891899e-10,0.00539768142016328,1,1,hybrid
242,11.4909678577443,1,1,1,1,-0.0131713435053825,-0.013125,0.0131713435053825,0.013125,-4.63435053825387e-05,5,5,8.40095637499871e-09,0.00085409087376398,8.39971647792481e-09,0.00085409087376398,1,1,hybrid
243,11.8510173972329,1,1,1,1,-0.0180140554904938,-0.0175,0.0180140554904938,0.0175,-0.000514055490493777,4,4,7.81396138904711e-08,0.00691870941253825,7.81391182869129e-08,0.00691870941253825,1,1,hybrid
261,11.4684442073169,1,1,1,1,-0.0554529756307602,-0.055625,0.0554529756307602,0.055625,0.000172024369239819,5,5,2.27105800831851e-08,0.00316092418915659,2.27109104855572e-08,0.00316092418915659,1,1,Shinbrot
262,11.8424330432104,1,1,1,1,-0.075776594877243,-0.07625,0.075776594877243,0.07625,0.000473405122756967,4,4,3.30979972318346e-08,0.00635702611788247,3.30991571928507e-08,0.00635702611788247,1,1,Shinbrot
271,11.1364516723992,1,1,1,1,-0.0760108649730682,-0.07625,0.0760108649730682,0.07625,0.00023913502693175,6,6,2.04834016415134e-09,0.00290059748878058,2.04714467599842e-09,0.00290059748878058,1,1,Shinbrot
272,11.4361056147897,1,1,1,1,-0.0971207916736603,-0.096875,0.0971207916736603,0.096875,-0.000245791673660276,5,5,4.3958474194028e-08,0.00232832299394481,4.3957257389593e-08,0.00232832299394481,1,1,hybrid
281,10.5886173520556,1,1,1,1,0.0755362224765122,0.0635009765625,0.0755362224765122,0.0635009765625,-0.0120352459140122,9,9,1.07390754067183e-08,0.00638492023403359,1.07423048234523e-08,0.00638492023403359,1,1,hybrid
282,10.8049229874604,1,1,1,1,0.0765211602556519,0.0829296875,0.0765211602556519,0.0829296875,0.00640852724434807,8,8,5.84942405623678e-09,0.00416939023919483,5.84318549101681e-09,0.00416939023919483,1,1,Shinbrot
283,11.0173269233057,1,1,1,1,0.0956143139395863,0.095615234375,0.0956143139395863,0.095615234375,9.20435413692688e-07,7,7,1.54754804526647e-08,0.000842786271643803,1.547817518599e-08,0.000842786271643803,1,1,Shinbrot
284,11.2674467081171,1,1,1,1,-0.047183720767498,-0.046875,0.047183720767498,0.046875,-0.000308720767498015,8,8,1.5893585114668e-08,0.00665811382801706,1.58936330763026e-08,0.00665811382801706,1,1,hybrid
285,11.5704528779626,1,1,1,1,-0.0616485416889191,-0.06125,0.0616485416889191,0.06125,-0.000398541688919063,7,7,4.8192713819617e-08,0.00658486150203075,4.81931383689016e-08,0.00658486150203075,1,1,hybrid
286,11.9534950423264,1,1,1,1,-0.0862358629703522,-0.08625,0.0862358629703522,0.08625,1.41370296478233e-05,6,6,1.98038492271735e-08,0.000167570290638963,1.98037888310409e-08,0.000167570290638963,1,1,Shinbrot
289,11.4081601545426,1,1,1,1,-0.0496812045574188,-0.049375,0.0496812045574188,0.049375,-0.000306204557418831,6,6,9.38108968284723e-08,0.00584322297239304,9.38108630776924e-08,0.00584322297239304,1,1,hybrid
290,11.7669351330755,1,1,1,1,-0.0667633712291718,-0.06625,0.0667633712291718,0.06625,-0.00051337122917175,5,5,7.16534902522881e-08,0.00728512697808092,7.16535080158565e-08,0.00728512697808092,1,1,hybrid
291,12.2142132802537,1,1,1,1,-0.0977043569087982,-0.0975,0.0977043569087982,0.0975,-0.00020435690879822,4,4,4.2086902851679e-08,0.00198280439627396,4.20868353501191e-08,0.00198280439627396,1,1,hybrid
294,12.2177782607311,1,1,1,1,-0.0210077226161957,-0.02125,0.0210077226161957,0.02125,0.000242277383804321,4,4,2.15924877977614e-09,0.00235123529838965,2.15934292668862e-09,0.00235123529838965,1,1,Shinbrot
