SourceIndex,SourceX,Method,HitFound,ReplayHit,SelectedP,AbsoluteP,Horizon,FinalTargetError,ReplayTargetError,ParameterEvaluations,CrossingPropagations,FinalBracketBisectionIterations,TotalBisectionIterations,GridEvaluations,SearchTime,SelectionMethod,FailureCode,FailureReason,DiscontinuitiesDetected,DiscontinuityReductions,ContinuousIntervalsExamined,CrossingSignatureEvaluations,CertifiedParameterResolution,ParameterResolutionFloorReached,IntervalBudgetExhausted,ReplayDivergence
102,15.2681165805571,shinbrotPaperBisection,1,1,-0.0151770547032356,0.0151770547032356,3,3.09793612984777e-09,3.09796099884352e-09,34,299,24,26,0,1.412927,Shinbrot paper bisection with crossing-order discontinuity reduction,none,,2,2,4,34,NaN,0,0,2.48689957516035e-14
102,15.2681165805571,hybridGridBisection,1,1,-0.015,0.015,3,0.00426123535646461,0.00426123535646461,270,567,0,27,243,11.0750184,grid-first verified direct grid hit,none,,0,0,0,0,NaN,0,0,0
106,12.0454343189568,shinbrotPaperBisection,1,1,-0.0764311602339149,0.0764311602339149,5,1.51928798430845e-08,1.51920822588636e-08,42,360,24,30,0,2.0399531,Shinbrot paper bisection with crossing-order discontinuity reduction,none,,6,6,6,42,NaN,0,0,7.97584220890712e-13
106,12.0454343189568,hybridGridBisection,1,1,0.019375,0.019375,5,0.000434926320034279,0.000434926320034279,516,1770,2,111,405,16.2685404,grid-first verified adjacent-grid bracket bisection,none,,0,0,0,0,NaN,0,0,0
116,11.2968925665502,shinbrotPaperBisection,1,1,-0.00841941237449646,0.00841941237449646,6,3.31062732783494e-08,3.31063052527725e-08,38,228,24,24,0,1.1368838,Shinbrot paper bisection with crossing-order discontinuity reduction,none,,0,0,6,38,NaN,0,0,3.19744231092045e-14
116,11.2968925665502,hybridGridBisection,1,1,-0.0075,0.0075,6,0.00690313698743417,0.00690313698743417,487,1707,0,1,486,9.6420322,grid-first verified direct grid hit,none,,0,0,0,0,NaN,0,0,0
117,11.62969458532,shinbrotPaperBisection,1,1,-0.0110784828662872,0.0110784828662872,5,2.55018441919219e-08,2.55018370864946e-08,36,190,24,24,0,0.7718859,Shinbrot paper bisection with crossing-order discontinuity reduction,none,,0,0,5,36,NaN,0,0,7.105427357601e-15
117,11.62969458532,hybridGridBisection,1,1,-0.01,0.01,5,0.00615477199366055,0.00615477199366055,406,1220,0,1,405,6.0786807,grid-first verified direct grid hit,none,,0,0,0,0,NaN,0,0,0
118,12.0309342963291,shinbrotPaperBisection,1,1,-0.0156742870807648,0.0156742870807648,4,3.98733135398288e-09,3.98739352647226e-09,34,154,24,24,0,0.6681265,Shinbrot paper bisection with crossing-order discontinuity reduction,none,,0,0,4,34,NaN,0,0,6.21724893790088e-14
118,12.0309342963291,hybridGridBisection,1,1,-0.015,0.015,4,0.0027218295007394,0.0027218295007394,325,814,0,1,324,5.7444821,grid-first verified direct grid hit,none,,0,0,0,0,NaN,0,0,0
124,12.1487021105682,shinbrotPaperBisection,1,1,-0.0991718150675297,0.0991718150675297,4,2.77222351741102e-08,2.77206542165231e-08,37,289,24,27,0,1.7559413,Shinbrot paper bisection with crossing-order discontinuity reduction,none,,3,3,4,37,NaN,0,0,1.58095758706622e-12
124,12.1487021105682,hybridGridBisection,1,1,-0.0309375,0.0309375,4,0.00155279364926919,0.00155279364926919,379,1030,3,55,324,9.5367839,grid-first verified adjacent-grid bracket bisection,none,,0,0,0,0,NaN,0,0,0
136,11.4188223534022,shinbrotPaperBisection,1,1,0.01512670814991,0.01512670814991,6,1.05125455007737e-08,1.05126414240431e-08,40,276,24,26,0,1.4423826,Shinbrot paper bisection with crossing-order discontinuity reduction,none,,2,2,7,40,NaN,0,0,9.59232693276135e-14
136,11.4188223534022,hybridGridBisection,1,1,0.015,0.015,6,0.00242356030808111,0.00242356030808111,513,1863,0,27,486,10.6699251,grid-first verified direct grid hit,none,,0,0,0,0,NaN,0,0,0
137,11.7802272230246,shinbrotPaperBisection,1,1,0.0203470677137375,0.0203470677137375,5,3.46779724935686e-08,3.46779991389212e-08,38,235,24,26,0,1.1780182,Shinbrot paper bisection with crossing-order discontinuity reduction,none,,2,2,5,38,NaN,0,0,2.66453525910038e-14
137,11.7802272230246,hybridGridBisection,1,1,0.02,0.02,5,0.00493808803828166,0.00493808803828166,431,1345,0,26,405,8.3213789,grid-first verified direct grid hit,none,,0,0,0,0,NaN,0,0,0
143,11.2579193540953,shinbrotPaperBisection,1,1,-0.082898360490799,0.082898360490799,7,4.41064038625427e-08,4.41063185974144e-08,40,270,24,24,0,1.093926,Shinbrot paper bisection with crossing-order discontinuity reduction,none,,0,0,7,40,NaN,0,0,8.5265128291212e-14
143,11.2579193540953,hybridGridBisection,1,1,-0.0825,0.0825,7,0.00518601731353918,0.00518601731353918,569,2282,0,2,567,9.8644071,grid-first verified direct grid hit,none,,0,0,0,0,NaN,0,0,0
144,11.5822251656391,shinbrotPaperBisection,1,1,0.0141066998243332,0.0141066998243332,7,3.48392426019473e-09,3.48390649662633e-09,42,289,24,26,0,1.1897819,Shinbrot paper bisection with crossing-order discontinuity reduction,none,,2,2,7,42,NaN,0,0,1.77635683940025e-14
144,11.5822251656391,hybridGridBisection,1,1,0.01375,0.01375,7,0.00587412906037876,0.00587412906037876,592,2443,1,25,567,26.3602608,grid-first verified adjacent-grid bracket bisection,none,,0,0,0,0,NaN,0,0,0
148,11.7280320058847,shinbrotPaperBisection,1,1,0.0824582315981388,0.0824582315981388,5,3.1149118839835e-08,3.11500993888103e-08,64,445,24,52,0,3.0916415,Shinbrot paper bisection with crossing-order discontinuity reduction,none,,29,28,28,64,NaN,0,0,9.80548975348938e-13
148,11.7280320058847,hybridGridBisection,1,1,0.00796875,0.00796875,5,0.0014674746905694,0.0014674746905694,631,2321,4,226,405,23.2588027,grid-first verified adjacent-grid bracket bisection,none,,0,0,0,0,NaN,0,0,0
149,12.178282426431,shinbrotPaperBisection,1,1,0.0517434202134609,0.0517434202134609,4,3.78806781498042e-08,3.78802091915986e-08,63,422,24,53,0,2.119833,Shinbrot paper bisection with crossing-order discontinuity reduction,none,,30,29,27,63,NaN,0,0,4.68958205601666e-13
149,12.178282426431,hybridGridBisection,1,1,0.0115625,0.0115625,4,0.00289892081235443,0.00289892081235443,523,1582,3,199,324,20.7205881,grid-first verified adjacent-grid bracket bisection,none,,0,0,0,0,NaN,0,0,0
152,15.3752001019122,shinbrotPaperBisection,1,1,0.0754764657467604,0.0754764657467604,2,1.17383809339344e-08,1.17406493416183e-08,62,608,24,56,0,4.7228427,Shinbrot paper bisection with crossing-order discontinuity reduction,none,,33,32,25,62,NaN,0,0,2.26840768391412e-12
152,15.3752001019122,hybridGridBisection,1,1,0.01140625,0.01140625,2,0.00427232145622014,0.00427232145622014,354,603,4,192,162,17.2955386,grid-first verified adjacent-grid bracket bisection,none,,0,0,0,0,NaN,0,0,0
153,16.4598762062691,shinbrotPaperBisection,1,1,-0.0933315575122833,0.0933315575122833,1,1.59129847077111e-08,1.5919201956649e-08,28,420,24,24,0,1.2221975,Shinbrot paper bisection with crossing-order discontinuity reduction,none,,0,0,1,28,NaN,0,0,6.21724893790088e-12
153,16.4598762062691,hybridGridBisection,1,1,-0.0925,0.0925,1,0.0067859462916644,0.0067859462916644,82,82,0,1,81,3.5948292,grid-first verified direct grid hit,none,,0,0,0,0,NaN,0,0,0
157,11.5440326919661,shinbrotPaperBisection,1,1,0.0879462825134397,0.0879462825134397,5,4.46405277187978e-08,4.4643234886621e-08,67,595,24,55,0,2.4490651,Shinbrot paper bisection with crossing-order discontinuity reduction,none,,32,31,29,67,NaN,0,0,2.70716782324598e-12
157,11.5440326919661,hybridGridBisection,1,1,0.0702197265625,0.0702197265625,5,0.000999549953309753,0.000999549953309753,574,2036,9,169,405,16.2174121,grid-first verified adjacent-grid bracket bisection,none,,0,0,0,0,NaN,0,0,0
158,11.9383355468849,shinbrotPaperBisection,1,1,0.0956906529929256,0.0956906529929256,4,6.28350704801051e-09,6.27703400368773e-09,71,811,24,61,0,2.7822216,Shinbrot paper bisection with crossing-order discontinuity reduction,none,,38,37,28,71,NaN,0,0,6.47304432277451e-12
158,11.9383355468849,hybridGridBisection,1,1,0.09953857421875,0.09953857421875,5,0.000180526225118882,0.000180526225118882,463,1457,10,58,405,11.9250285,grid-first verified adjacent-grid bracket bisection,none,,0,0,0,0,NaN,0,0,0
161,10.9620996747553,shinbrotPaperBisection,1,1,0.0399736545979977,0.0399736545979977,7,1.16915064296563e-08,1.16931744287285e-08,69,557,24,53,0,2.4171987,Shinbrot paper bisection with crossing-order discontinuity reduction,none,,30,29,30,69,NaN,0,0,1.66799907219684e-12
161,10.9620996747553,hybridGridBisection,1,1,-0.010625,0.010625,7,0.00479547281882375,0.00479547281882375,815,3980,2,248,567,26.7372236,grid-first verified adjacent-grid bracket bisection,none,,0,0,0,0,NaN,0,0,0
162,11.2307219771018,shinbrotPaperBisection,1,1,-0.075454737059772,0.075454737059772,6,1.7870741331194e-08,1.78735408695729e-08,45,481,24,31,0,1.9050848,Shinbrot paper bisection with crossing-order discontinuity reduction,none,,7,7,6,45,NaN,0,0,2.79953837889479e-12
162,11.2307219771018,hybridGridBisection,1,1,-0.013125,0.013125,6,0.000731362223373111,0.000731362223373111,623,2523,2,137,486,16.138534,grid-first verified adjacent-grid bracket bisection,none,,0,0,0,0,NaN,0,0,0
163,11.5253070345885,shinbrotPaperBisection,1,1,-0.098330656811595,0.098330656811595,5,1.34915243421574e-08,1.34908617610563e-08,40,397,24,28,0,1.5877899,Shinbrot paper bisection with crossing-order discontinuity reduction,none,,4,4,5,40,NaN,0,0,6.62581101096293e-13
163,11.5253070345885,hybridGridBisection,1,1,-0.0171875,0.0171875,5,0.00723356065171643,0.00723356065171643,488,1630,3,83,405,11.4008668,grid-first verified adjacent-grid bracket bisection,none,,0,0,0,0,NaN,0,0,0
164,11.8950982200137,shinbrotPaperBisection,1,1,0.0885806456208229,0.0885806456208229,4,2.57061323338803e-08,2.5704874673238e-08,36,255,24,26,0,1.2401114,Shinbrot paper bisection with crossing-order discontinuity reduction,none,,2,2,4,36,NaN,0,0,1.25766064229538e-12
164,11.8950982200137,hybridGridBisection,1,1,-0.02375,0.02375,4,0.0048240572867968,0.0048240572867968,376,1018,1,52,324,7.5275087,grid-first verified adjacent-grid bracket bisection,none,,0,0,0,0,NaN,0,0,0
170,11.5639466490174,shinbrotPaperBisection,1,1,-0.0104222849011421,0.0104222849011421,7,1.71602163590023e-08,1.71602927423464e-08,42,289,24,26,0,1.1698615,Shinbrot paper bisection with crossing-order discontinuity reduction,none,,2,2,8,42,NaN,0,0,7.63833440942108e-14
170,11.5639466490174,hybridGridBisection,1,1,-0.01,0.01,7,0.00694568676074603,0.00694568676074603,593,2450,0,26,567,12.524942,grid-first verified direct grid hit,none,,0,0,0,0,NaN,0,0,0
171,11.9638439063778,shinbrotPaperBisection,1,1,-0.0145866096019745,0.0145866096019745,6,1.61749369453901e-08,1.61750168814478e-08,38,232,24,24,0,0.9457238,Shinbrot paper bisection with crossing-order discontinuity reduction,none,,0,0,6,38,NaN,0,0,7.99360577730113e-14
171,11.9638439063778,hybridGridBisection,1,1,-0.014375,0.014375,6,0.0024902578857855,0.0024902578857855,488,1713,2,2,486,8.984468,grid-first verified adjacent-grid bracket bisection,none,,0,0,0,0,NaN,0,0,0
174,11.6323163254113,shinbrotPaperBisection,1,1,0.0932088434696197,0.0932088434696197,5,1.26980594927772e-08,1.26984662784935e-08,36,190,24,24,0,0.8407473,Shinbrot paper bisection with crossing-order discontinuity reduction,none,,0,0,5,36,NaN,0,0,4.06785716222657e-13
174,11.6323163254113,hybridGridBisection,1,1,0.0925,0.0925,5,0.00404810057575489,0.00404810057575489,406,1220,0,1,405,7.4376767,grid-first verified direct grid hit,none,,0,0,0,0,NaN,0,0,0
175,12.0522396634205,shinbrotPaperBisection,1,1,0.0054315522313118,0.0054315522313118,5,1.9539468709695e-08,1.95413019099533e-08,40,284,24,28,0,1.3509011,Shinbrot paper bisection with crossing-order discontinuity reduction,none,,4,4,5,40,NaN,0,0,1.83320025826106e-12
175,12.0522396634205,hybridGridBisection,1,1,0.005625,0.005625,5,0.00793038072744601,0.00793038072744601,510,1740,2,105,405,13.1664223,grid-first verified adjacent-grid bracket bisection,none,,0,0,0,0,NaN,0,0,0
182,11.5825085342085,shinbrotPaperBisection,1,1,-0.0152449548244476,0.0152449548244476,6,4.99953767274519e-08,4.99953625165972e-08,38,230,24,24,0,0.9863099,Shinbrot paper bisection with crossing-order discontinuity reduction,none,,0,0,6,38,NaN,0,0,1.4210854715202e-14
182,11.5825085342085,hybridGridBisection,1,1,-0.015,0.015,6,0.00243011841758012,0.00243011841758012,488,1713,0,2,486,8.0930618,grid-first verified direct grid hit,none,,0,0,0,0,NaN,0,0,0
183,11.9877154263165,shinbrotPaperBisection,1,1,-0.0213941395282745,0.0213941395282745,5,1.65149387498786e-08,1.65149174335966e-08,36,192,24,24,0,0.9206325,Shinbrot paper bisection with crossing-order discontinuity reduction,none,,0,0,5,36,NaN,0,0,2.1316282072803e-14
183,11.9877154263165,hybridGridBisection,1,1,-0.02125,0.02125,5,0.00101954515826996,0.00101954515826996,406,1220,1,1,405,6.4757539,grid-first verified adjacent-grid bracket bisection,none,,0,0,0,0,NaN,0,0,0
186,12.0498276355663,shinbrotPaperBisection,1,1,-0.0468105498701334,0.0468105498701334,5,1.6410764303032e-08,1.6409780201343e-08,43,381,24,31,0,1.6463025,Shinbrot paper bisection with crossing-order discontinuity reduction,none,,7,7,5,43,NaN,0,0,9.84101689027739e-13
186,12.0498276355663,hybridGridBisection,1,1,-0.0125,0.0125,5,0.00140309041874609,0.00140309041874609,616,2270,0,211,405,19.5086882,grid-first verified direct grid hit,none,,0,0,0,0,NaN,0,0,0
193,10.7861454435861,shinbrotPaperBisection,1,1,-0.0422104343771935,0.0422104343771935,9,1.17993455006626e-08,1.17993774750857e-08,47,387,24,27,0,1.4545087,Shinbrot paper bisection with crossing-order discontinuity reduction,none,,3,3,9,47,NaN,0,0,3.19744231092045e-14
193,10.7861454435861,hybridGridBisection,1,1,-0.041875,0.041875,9,0.00659370048705554,0.00659370048705554,755,3879,2,26,729,16.0533477,grid-first verified adjacent-grid bracket bisection,none,,0,0,0,0,NaN,0,0,0
194,11.0279559829766,shinbrotPaperBisection,1,1,-0.0510498344898224,0.0510498344898224,8,8.70183658463475e-08,8.70184209134095e-08,42,312,24,24,0,1.2124811,Shinbrot paper bisection with crossing-order discontinuity reduction,none,,0,0,8,42,NaN,0,0,5.50670620214078e-14
194,11.0279559829766,hybridGridBisection,1,1,-0.05125,0.05125,8,0.00326134466952155,0.00326134466952155,649,2924,1,1,648,13.2206824,grid-first verified adjacent-grid bracket bisection,none,,0,0,0,0,NaN,0,0,0
195,11.2801269498006,shinbrotPaperBisection,1,1,-0.0638199508190155,0.0638199508190155,7,1.08629425454865e-08,1.08633244622069e-08,40,270,24,24,0,1.0878473,Shinbrot paper bisection with crossing-order discontinuity reduction,none,,0,0,7,40,NaN,0,0,3.81916720471054e-13
195,11.2801269498006,hybridGridBisection,1,1,-0.06375,0.06375,7,0.000911058920344487,0.000911058920344487,568,2275,1,1,567,10.3461315,grid-first verified adjacent-grid bracket bisection,none,,0,0,0,0,NaN,0,0,0
197,11.9738559554866,shinbrotPaperBisection,1,1,0.0546198457479477,0.0546198457479477,6,1.05681170481375e-08,1.05681703388427e-08,39,240,24,25,0,1.0102589,Shinbrot paper bisection with crossing-order discontinuity reduction,none,,1,1,6,39,NaN,0,0,5.32907051820075e-14
197,11.9738559554866,hybridGridBisection,1,1,0.054375,0.054375,6,0.00286742970741294,0.00286742970741294,512,1857,2,26,486,10.274355,grid-first verified adjacent-grid bracket bisection,none,,0,0,0,0,NaN,0,0,0
200,11.8196304234756,shinbrotPaperBisection,1,1,-0.072004708647728,0.072004708647728,5,5.85143116182962e-08,5.8514103784546e-08,61,411,24,49,0,1.9614224,Shinbrot paper bisection with crossing-order discontinuity reduction,none,,26,25,28,61,NaN,0,0,2.07833750209829e-13
200,11.8196304234756,hybridGridBisection,1,1,0.036171875,0.036171875,5,0.00172170541334182,0.00172170541334182,571,2021,5,166,405,17.3824894,grid-first verified adjacent-grid bracket bisection,none,,0,0,0,0,NaN,0,0,0
204,11.4809314191417,shinbrotPaperBisection,1,1,0.0220406264066696,0.0220406264066696,5,2.42914843795461e-08,2.42898074986897e-08,38,262,24,26,0,1.0953628,Shinbrot paper bisection with crossing-order discontinuity reduction,none,,2,2,5,38,NaN,0,0,1.67688085639384e-12
204,11.4809314191417,hybridGridBisection,1,1,0.021875,0.021875,5,0.00306169225814479,0.00306169225814479,431,1345,2,26,405,7.3868928,grid-first verified adjacent-grid bracket bisection,none,,0,0,0,0,NaN,0,0,0
205,11.8581786577529,shinbrotPaperBisection,1,1,0.0301554471254349,0.0301554471254349,4,3.61808094595517e-08,3.61791947511847e-08,36,223,24,26,0,0.9737416,Shinbrot paper bisection with crossing-order discontinuity reduction,none,,2,2,4,36,NaN,0,0,1.61470836701483e-12
205,11.8581786577529,hybridGridBisection,1,1,0.03,0.03,4,0.00210147631867841,0.00210147631867841,350,914,0,26,324,5.7226946,grid-first verified direct grid hit,none,,0,0,0,0,NaN,0,0,0
213,15.3133605714006,shinbrotPaperBisection,1,1,-0.0546290367841721,0.0546290367841721,2,4.35754721195281e-08,4.35744755833412e-08,33,289,24,27,0,1.1936916,Shinbrot paper bisection with crossing-order discontinuity reduction,none,,3,3,3,33,NaN,0,0,9.96536186903541e-13
213,15.3133605714006,hybridGridBisection,1,1,-0.054375,0.054375,2,0.00541975766550173,0.00541975766550173,188,295,2,26,162,6.3794464,grid-first verified adjacent-grid bracket bisection,none,,0,0,0,0,NaN,0,0,0
231,11.2314139602517,shinbrotPaperBisection,1,1,0.0481908103451133,0.0481908103451133,6,1.82213710786527e-08,1.82216517430334e-08,70,619,24,56,0,2.344811,Shinbrot paper bisection with crossing-order discontinuity reduction,none,,33,32,29,70,NaN,0,0,2.8066438062524e-13
231,11.2314139602517,hybridGridBisection,1,1,0.01783203125,0.01783203125,6,0.00402132145692669,0.00402132145692669,678,2829,7,192,486,19.5327964,grid-first verified adjacent-grid bracket bisection,none,,0,0,0,0,NaN,0,0,0
232,11.5501094274702,shinbrotPaperBisection,1,1,0.0932664509862661,0.0932664509862661,5,5.00181407403488e-09,4.99895946859397e-09,65,486,24,53,0,2.2622408,Shinbrot paper bisection with crossing-order discontinuity reduction,none,,30,29,28,65,NaN,0,0,2.8546054409162e-12
232,11.5501094274702,hybridGridBisection,1,1,0.01828125,0.01828125,5,0.00697838455268851,0.00697838455268851,597,2151,4,192,405,18.1902986,grid-first verified adjacent-grid bracket bisection,none,,0,0,0,0,NaN,0,0,0
233,11.9271187410936,shinbrotPaperBisection,1,1,0.0878685388714075,0.0878685388714075,4,4.77210093663416e-09,4.77501416185078e-09,63,448,24,53,0,2.2618468,Shinbrot paper bisection with crossing-order discontinuity reduction,none,,30,29,27,63,NaN,0,0,2.91322521661641e-12
233,11.9271187410936,hybridGridBisection,1,1,0.02119140625,0.02119140625,4,0.00193682616130531,0.00193682616130531,525,1590,7,201,324,16.5618274,grid-first verified adjacent-grid bracket bisection,none,,0,0,0,0,NaN,0,0,0
236,10.241412340474,shinbrotPaperBisection,1,1,-0.0520933222025633,0.0520933222025633,11,1.99179090998314e-08,1.99166283465502e-08,54,619,24,30,0,2.0704649,Shinbrot paper bisection with crossing-order discontinuity reduction,none,,6,6,11,54,NaN,0,0,1.28075328120758e-12
236,10.241412340474,hybridGridBisection,1,1,-0.004375,0.004375,11,0.0065363844250399,0.0065363844250399,1005,6600,2,114,891,27.6727314,grid-first verified adjacent-grid bracket bisection,none,,0,0,0,0,NaN,0,0,0
237,10.4225257063126,shinbrotPaperBisection,1,1,0.0958441510796547,0.0958441510796547,10,1.68964415792061e-08,1.68952318801985e-08,48,455,24,26,0,1.600245,Shinbrot paper bisection with crossing-order discontinuity reduction,none,,2,2,10,48,NaN,0,0,1.20969900763157e-12
237,10.4225257063126,hybridGridBisection,1,1,-0.005,0.005,10,0.00486790726822228,0.00486790726822228,920,5555,0,110,810,23.4256633,grid-first verified direct grid hit,none,,0,0,0,0,NaN,0,0,0
238,10.5797781778552,shinbrotPaperBisection,1,1,-0.00587887987494469,0.00587887987494469,9,4.45601067156076e-09,4.45563408391081e-09,49,469,24,29,0,1.721013,Shinbrot paper bisection with crossing-order discontinuity reduction,none,,5,5,11,49,NaN,0,0,3.76587649952853e-13
238,10.5797781778552,hybridGridBisection,1,1,-0.0059375,0.0059375,9,0.00242326212325672,0.00242326212325672,808,4356,3,79,729,17.8600795,grid-first verified adjacent-grid bracket bisection,none,,0,0,0,0,NaN,0,0,0
239,10.757977103404,shinbrotPaperBisection,1,1,-0.00689564272761345,0.00689564272761345,8,1.1831318147415e-08,1.18317124986334e-08,46,409,24,28,0,1.4722633,Shinbrot paper bisection with crossing-order discontinuity reduction,none,,4,4,9,46,NaN,0,0,3.94351218346856e-13
239,10.757977103404,hybridGridBisection,1,1,-0.006875,0.006875,8,0.000727142753426335,0.000727142753426335,702,3348,2,54,648,14.6333481,grid-first verified adjacent-grid bracket bisection,none,,0,0,0,0,NaN,0,0,0
240,10.9627934765296,shinbrotPaperBisection,1,1,-0.0963485680520535,0.0963485680520535,7,3.4380798652478e-08,3.4381981706133e-08,43,379,24,27,0,1.4109927,Shinbrot paper bisection with crossing-order discontinuity reduction,none,,3,3,7,43,NaN,0,0,1.18305365504057e-12
240,10.9627934765296,hybridGridBisection,1,1,-0.008125,0.008125,7,0.00436417028550551,0.00436417028550551,618,2625,2,51,567,12.0124937,grid-first verified adjacent-grid bracket bisection,none,,0,0,0,0,NaN,0,0,0
241,11.2026601256437,shinbrotPaperBisection,1,1,-0.0102274909615517,0.0102274909615517,6,8.37259150898717e-10,8.38971558891899e-10,41,309,24,27,0,1.2339033,Shinbrot paper bisection with crossing-order discontinuity reduction,none,,3,3,6,41,NaN,0,0,1.71240799318184e-12
241,11.2026601256437,hybridGridBisection,1,1,-0.01,0.01,6,0.00539768142016328,0.00539768142016328,537,2007,0,51,486,10.4168709,grid-first verified direct grid hit,none,,0,0,0,0,NaN,0,0,0
242,11.4909678577443,shinbrotPaperBisection,1,1,-0.0131713435053825,0.0131713435053825,5,8.40095637499871e-09,8.39971647792481e-09,38,261,24,26,0,1.0447434,Shinbrot paper bisection with crossing-order discontinuity reduction,none,,2,2,6,38,NaN,0,0,1.23989707390137e-12
242,11.4909678577443,hybridGridBisection,1,1,-0.013125,0.013125,5,0.00085409087376398,0.00085409087376398,431,1345,2,26,405,7.5149917,grid-first verified adjacent-grid bracket bisection,none,,0,0,0,0,NaN,0,0,0
243,11.8510173972329,shinbrotPaperBisection,1,1,-0.0180140554904938,0.0180140554904938,4,7.81396138904711e-08,7.81391182869129e-08,34,208,24,24,0,0.8430218,Shinbrot paper bisection with crossing-order discontinuity reduction,none,,0,0,4,34,NaN,0,0,4.9560355819267e-13
243,11.8510173972329,hybridGridBisection,1,1,-0.0175,0.0175,4,0.00691870941253825,0.00691870941253825,326,818,0,2,324,4.7398913,grid-first verified direct grid hit,none,,0,0,0,0,NaN,0,0,0
261,11.4684442073169,shinbrotPaperBisection,1,1,-0.0554529756307602,0.0554529756307602,5,2.27105800831851e-08,2.27109104855572e-08,37,251,24,25,0,1.0583066,Shinbrot paper bisection with crossing-order discontinuity reduction,none,,1,1,5,37,NaN,0,0,3.30402372128447e-13
261,11.4684442073169,hybridGridBisection,1,1,-0.055625,0.055625,5,0.00316092418915659,0.00316092418915659,431,1345,2,26,405,7.2709568,grid-first verified adjacent-grid bracket bisection,none,,0,0,0,0,NaN,0,0,0
262,11.8424330432104,shinbrotPaperBisection,1,1,-0.075776594877243,0.075776594877243,4,3.30979972318346e-08,3.30991571928507e-08,34,208,24,24,0,0.885251,Shinbrot paper bisection with crossing-order discontinuity reduction,none,,0,0,4,34,NaN,0,0,1.15996101612836e-12
262,11.8424330432104,hybridGridBisection,1,1,-0.07625,0.07625,4,0.00635702611788247,0.00635702611788247,325,814,1,1,324,4.8315205,grid-first verified adjacent-grid bracket bisection,none,,0,0,0,0,NaN,0,0,0
271,11.1364516723992,shinbrotPaperBisection,1,1,-0.0760108649730682,0.0760108649730682,6,2.04834016415134e-09,2.04714467599842e-09,38,254,24,24,0,1.0747329,Shinbrot paper bisection with crossing-order discontinuity reduction,none,,0,0,6,38,NaN,0,0,1.19548815291637e-12
271,11.1364516723992,hybridGridBisection,1,1,-0.07625,0.07625,6,0.00290059748878058,0.00290059748878058,487,1707,1,1,486,7.3962229,grid-first verified adjacent-grid bracket bisection,none,,0,0,0,0,NaN,0,0,0
272,11.4361056147897,shinbrotPaperBisection,1,1,-0.0971207916736603,0.0971207916736603,5,4.3958474194028e-08,4.3957257389593e-08,36,216,24,24,0,0.8917482,Shinbrot paper bisection with crossing-order discontinuity reduction,none,,0,0,5,36,NaN,0,0,1.21680443498917e-12
272,11.4361056147897,hybridGridBisection,1,1,-0.096875,0.096875,5,0.00232832299394481,0.00232832299394481,407,1225,2,2,405,5.5592434,grid-first verified adjacent-grid bracket bisection,none,,0,0,0,0,NaN,0,0,0
281,10.5886173520556,shinbrotPaperBisection,1,1,0.0755362224765122,0.0755362224765122,9,1.07390754067183e-08,1.07423048234523e-08,78,911,24,58,0,3.3202682,Shinbrot paper bisection with crossing-order discontinuity reduction,none,,35,34,32,78,NaN,0,0,3.22941673402966e-12
281,10.5886173520556,hybridGridBisection,1,1,0.0635009765625,0.0635009765625,9,0.00638492023403359,0.00638492023403359,902,5178,9,173,729,26.0607436,grid-first verified adjacent-grid bracket bisection,none,,0,0,0,0,NaN,0,0,0
282,10.8049229874604,shinbrotPaperBisection,1,1,0.0765211602556519,0.0765211602556519,8,5.84942405623678e-09,5.84318549101681e-09,80,973,24,62,0,3.6428528,Shinbrot paper bisection with crossing-order discontinuity reduction,none,,39,38,32,80,NaN,0,0,6.23856521997368e-12
282,10.8049229874604,hybridGridBisection,1,1,0.0829296875,0.0829296875,8,0.00416939023919483,0.00416939023919483,754,3740,6,106,648,18.6475434,grid-first verified adjacent-grid bracket bisection,none,,0,0,0,0,NaN,0,0,0
283,11.0173269233057,shinbrotPaperBisection,1,1,0.0956143139395863,0.0956143139395863,7,1.54754804526647e-08,1.547817518599e-08,73,781,24,57,0,3.1868578,Shinbrot paper bisection with crossing-order discontinuity reduction,none,,34,33,31,73,NaN,0,0,2.69473332537018e-12
283,11.0173269233057,hybridGridBisection,1,1,0.095615234375,0.095615234375,7,0.000842786271643803,0.000842786271643803,647,2804,8,80,567,14.5224861,grid-first verified adjacent-grid bracket bisection,none,,0,0,0,0,NaN,0,0,0
284,11.2674467081171,shinbrotPaperBisection,1,1,-0.047183720767498,0.047183720767498,8,1.5893585114668e-08,1.58936330763026e-08,45,342,24,27,0,1.3102418,Shinbrot paper bisection with crossing-order discontinuity reduction,none,,3,3,8,45,NaN,0,0,4.79616346638068e-14
284,11.2674467081171,hybridGridBisection,1,1,-0.046875,0.046875,8,0.00665811382801706,0.00665811382801706,674,3124,2,26,648,15.0534549,grid-first verified adjacent-grid bracket bisection,none,,0,0,0,0,NaN,0,0,0
285,11.5704528779626,shinbrotPaperBisection,1,1,-0.0616485416889191,0.0616485416889191,7,4.8192713819617e-08,4.81931383689016e-08,40,272,24,24,0,1.0952513,Shinbrot paper bisection with crossing-order discontinuity reduction,none,,0,0,7,40,NaN,0,0,4.2454928461666e-13
285,11.5704528779626,hybridGridBisection,1,1,-0.06125,0.06125,7,0.00658486150203075,0.00658486150203075,568,2275,1,1,567,12.8367626,grid-first verified adjacent-grid bracket bisection,none,,0,0,0,0,NaN,0,0,0
286,11.9534950423264,shinbrotPaperBisection,1,1,-0.0862358629703522,0.0862358629703522,6,1.98038492271735e-08,1.98037888310409e-08,38,232,24,24,0,0.9463358,Shinbrot paper bisection with crossing-order discontinuity reduction,none,,0,0,6,38,NaN,0,0,6.03961325396085e-14
286,11.9534950423264,hybridGridBisection,1,1,-0.08625,0.08625,6,0.000167570290638963,0.000167570290638963,487,1707,1,1,486,11.0697066,grid-first verified adjacent-grid bracket bisection,none,,0,0,0,0,NaN,0,0,0
289,11.4081601545426,shinbrotPaperBisection,1,1,-0.0496812045574188,0.0496812045574188,6,9.38108968284723e-08,9.38108630776924e-08,38,258,24,24,0,1.3611229,Shinbrot paper bisection with crossing-order discontinuity reduction,none,,0,0,6,38,NaN,0,0,3.37507799486048e-14
289,11.4081601545426,hybridGridBisection,1,1,-0.049375,0.049375,6,0.00584322297239304,0.00584322297239304,488,1713,2,2,486,11.1127723,grid-first verified adjacent-grid bracket bisection,none,,0,0,0,0,NaN,0,0,0
290,11.7669351330755,shinbrotPaperBisection,1,1,-0.0667633712291718,0.0667633712291718,5,7.16534902522881e-08,7.16535080158565e-08,36,220,24,24,0,1.300046,Shinbrot paper bisection with crossing-order discontinuity reduction,none,,0,0,5,36,NaN,0,0,1.77635683940025e-14
290,11.7669351330755,hybridGridBisection,1,1,-0.06625,0.06625,5,0.00728512697808092,0.00728512697808092,406,1220,1,1,405,8.6570499,grid-first verified adjacent-grid bracket bisection,none,,0,0,0,0,NaN,0,0,0
291,12.2142132802537,shinbrotPaperBisection,1,1,-0.0977043569087982,0.0977043569087982,4,4.2086902851679e-08,4.20868353501191e-08,34,184,24,24,0,1.09767,Shinbrot paper bisection with crossing-order discontinuity reduction,none,,0,0,4,34,NaN,0,0,6.75015598972095e-14
291,12.2142132802537,hybridGridBisection,1,1,-0.0975,0.0975,4,0.00198280439627396,0.00198280439627396,326,818,0,2,324,5.8275269,grid-first verified direct grid hit,none,,0,0,0,0,NaN,0,0,0
294,12.2177782607311,shinbrotPaperBisection,1,1,-0.0210077226161957,0.0210077226161957,4,2.15924877977614e-09,2.15934292668862e-09,34,184,24,24,0,0.99223,Shinbrot paper bisection with crossing-order discontinuity reduction,none,,0,0,4,34,NaN,0,0,9.41469124882133e-14
294,12.2177782607311,hybridGridBisection,1,1,-0.02125,0.02125,4,0.00235123529838965,0.00235123529838965,325,814,1,1,324,5.84016,grid-first verified adjacent-grid bracket bisection,none,,0,0,0,0,NaN,0,0,0
